[{"pk": "http://e-services.liege.be:8100/ElyxRouter/rest/wfs/WFS", "model": "imio_survey.surveygisserver", "fields": {"username": "", "password": "", "servertype": "OGC", "description": "Liege Public WFS"}}, {"pk": "http://geoservices.wallonie.be/arcgis/rest/services/AGRICULTURE/AMGT_FONC/MapServer", "model": "imio_survey.surveygisserver", "fields": {"username": "", "password": "", "servertype": "ARCREST", "description": "SPW AGRICULTURE/AMGT_FONC "}}, {"pk": "http://geoservices.wallonie.be/arcgis/rest/services/AMENAGEMENT_TERRITOIRE/LOT/MapServer", "model": "imio_survey.surveygisserver", "fields": {"username": "", "password": "", "servertype": "ARCREST", "description": "SPW Lotissements"}}, {"pk": "http://geoservices.wallonie.be/arcgis/rest/services/AMENAGEMENT_TERRITOIRE/PCA/MapServer", "model": "imio_survey.surveygisserver", "fields": {"username": "", "password": "", "servertype": "ARCREST", "description": "SPW PCA"}}, {"pk": "http://geoservices.wallonie.be/arcgis/rest/services/AMENAGEMENT_TERRITOIRE/PDS_5000/MapServer", "model": "imio_survey.surveygisserver", "fields": {"username": "", "password": "", "servertype": "ARCREST", "description": "SPW PDS 5000"}}, {"pk": "http://geoservices.wallonie.be/arcgis/rest/services/AMENAGEMENT_TERRITOIRE/PDS/MapServer", "model": "imio_survey.surveygisserver", "fields": {"username": "", "password": "", "servertype": "ARCREST", "description": "SPW AMENAGEMENT_TERRITOIRE/PDS"}}, {"pk": "http://geoservices.wallonie.be/arcgis/rest/services/AMENAGEMENT_TERRITOIRE/SOL/MapServer", "model": "imio_survey.surveygisserver", "fields": {"username": "", "password": "", "servertype": "ARCREST", "description": "SOL"}}, {"pk": "http://geoservices.wallonie.be/arcgis/rest/services/EAU/ALEA_2016/MapServer", "model": "imio_survey.surveygisserver", "fields": {"username": "", "password": "", "servertype": "ARCREST", "description": "SPW ALEA INONDATION 2016"}}, {"pk": "http://geoservices.wallonie.be/arcgis/rest/services/EAU/ATLAS_HYDRO__RESEAU/MapServer", "model": "imio_survey.surveygisserver", "fields": {"username": "", "password": "", "servertype": "ARCREST", "description": "SPW ATLAS_HYDRO__RESEAU "}}, {"pk": "http://geoservices.wallonie.be/arcgis/rest/services/EAU/CAPTAGES/MapServer", "model": "imio_survey.surveygisserver", "fields": {"username": "", "password": "", "servertype": "ARCREST", "description": "SPW Captage"}}, {"pk": "http://geoservices.wallonie.be/arcgis/rest/services/FAUNE_FLORE/AHREM/MapServer", "model": "imio_survey.surveygisserver", "fields": {"username": "", "password": "", "servertype": "ARCREST", "description": "SPW FAUNE_FLORE/AHREM"}}, {"pk": "http://geoservices.wallonie.be/arcgis/rest/services/FAUNE_FLORE/NATURA2000/MapServer", "model": "imio_survey.surveygisserver", "fields": {"username": "", "password": "", "servertype": "ARCREST", "description": "SPW NATURA2000"}}, {"pk": "http://geoservices.wallonie.be/arcgis/rest/services/PLAN_REGLEMENT/CADMAP_PARCELLES/MapServer", "model": "imio_survey.surveygisserver", "fields": {"username": "", "password": "", "servertype": "ARCREST", "description": "SPW CADMap"}}, {"pk": "http://geoservices.wallonie.be/arcgis/rest/services/SOL_SOUS_SOL/KARST/MapServer", "model": "imio_survey.surveygisserver", "fields": {"username": "", "password": "", "servertype": "ARCREST", "description": "SPW KARST"}}, {"pk": "http://geoservices.wallonie.be/arcgis/services/EAU/PROTECT_CAPT/MapServer", "model": "imio_survey.surveygisserver", "fields": {"username": "", "password": "", "servertype": "ARCREST", "description": "SPW PROTECT_CAPT"}}, {"pk": "http://webgisdgo4.spw.wallonie.be/ArcGIS/rest/services/DGO4/ART_127/MapServer", "model": "imio_survey.surveygisserver", "fields": {"username": "", "password": "", "servertype": "ARCREST", "description": "SPW DGO4 ART 127"}}, {"pk": "http://webgisdgo4.spw.wallonie.be/ArcGIS/rest/services/DGO4/BC_PAT/MapServer", "model": "imio_survey.surveygisserver", "fields": {"username": "", "password": "", "servertype": "ARCREST", "description": "SPW DG4 Patrimoine"}}, {"pk": "http://webgisdgo4.spw.wallonie.be/ArcGIS/rest/services/DGO4/RENOV_URB/MapServer", "model": "imio_survey.surveygisserver", "fields": {"username": "", "password": "", "servertype": "ARCREST", "description": "SPW RENOV_URB"}}, {"pk": "http://webgisdgo4.spw.wallonie.be/ArcGIS/rest/services/DGO4/REVIT_URB/MapServer", "model": "imio_survey.surveygisserver", "fields": {"username": "", "password": "", "servertype": "ARCREST", "description": "SPW REVIT_URB"}}, {"pk": "http://webgisdgo4.spw.wallonie.be/ArcGIS/rest/services/DGO4/RMBMT_URB/MapServer", "model": "imio_survey.surveygisserver", "fields": {"username": "", "password": "", "servertype": "ARCREST", "description": "SPW DGO4/RMBMT_URB"}}, {"pk": "http://webgisdgo4.spw.wallonie.be/ArcGIS/rest/services/DGO4/RUE/MapServer", "model": "imio_survey.surveygisserver", "fields": {"username": "", "password": "", "servertype": "ARCREST", "description": "SPW DGO4 Rue"}}, {"pk": "http://webgisdgo4.spw.wallonie.be/ArcGIS/rest/services/DGO4/SAR/MapServer", "model": "imio_survey.surveygisserver", "fields": {"username": "", "password": "", "servertype": "ARCREST", "description": "SPW SAR"}}, {"pk": "http://webgisdgo4.spw.wallonie.be/ArcGIS/rest/services/DGO4/ZPU/MapServer", "model": "imio_survey.surveygisserver", "fields": {"username": "", "password": "", "servertype": "ARCREST", "description": "SPW DG04 ZPU"}}, {"pk": 1, "model": "imio_survey.surveylayer", "fields": {"gis_server": "http://geoservices.wallonie.be/arcgis/rest/services/PLAN_REGLEMENT/CADMAP_PARCELLES/MapServer", "geometry_field_name": "GEOMETRY", "description": "CADMAP_PARCELLES", "layer_name": "CADMAP_PARCELLES"}}, {"pk": 3, "model": "imio_survey.surveylayer", "fields": {"gis_server": "http://geoservices.wallonie.be/arcgis/rest/services/EAU/ATLAS_HYDRO__RESEAU/MapServer", "geometry_field_name": "GEOM", "description": "ATLAS_HYDRO_RESEAU", "layer_name": "0,1,2"}}, {"pk": 4, "model": "imio_survey.surveylayer", "fields": {"gis_server": "http://geoservices.wallonie.be/arcgis/rest/services/AMENAGEMENT_TERRITOIRE/PDS_5000/MapServer", "geometry_field_name": "GEOM", "description": "SPW PDS Affectation", "layer_name": "19"}}, {"pk": 6, "model": "imio_survey.surveylayer", "fields": {"gis_server": "http://geoservices.wallonie.be/arcgis/services/EAU/PROTECT_CAPT/MapServer", "geometry_field_name": "GEOM", "description": "SPW Protect Captage", "layer_name": "0,1,2"}}, {"pk": 7, "model": "imio_survey.surveylayer", "fields": {"gis_server": "http://geoservices.wallonie.be/arcgis/rest/services/AMENAGEMENT_TERRITOIRE/PCA/MapServer", "geometry_field_name": "GEOM", "description": "SPW PCA", "layer_name": "0"}}, {"pk": 8, "model": "imio_survey.surveylayer", "fields": {"gis_server": "http://geoservices.wallonie.be/arcgis/rest/services/AMENAGEMENT_TERRITOIRE/LOT/MapServer", "geometry_field_name": "GEOM", "description": "SPW Lotissement", "layer_name": "0"}}, {"pk": 9, "model": "imio_survey.surveylayer", "fields": {"gis_server": "http://geoservices.wallonie.be/arcgis/rest/services/AGRICULTURE/AMGT_FONC/MapServer", "geometry_field_name": "GEOM", "description": "SPW Perimetres de remembrements et amenagements fonciers", "layer_name": "0"}}, {"pk": 10, "model": "imio_survey.surveylayer", "fields": {"gis_server": "http://webgisdgo4.spw.wallonie.be/ArcGIS/rest/services/DGO4/RUE/MapServer", "geometry_field_name": "GEOM", "description": "SPW DGO4 Rapports Urbanistiques et Environnementaux", "layer_name": "0"}}, {"pk": 12, "model": "imio_survey.surveylayer", "fields": {"gis_server": "http://webgisdgo4.spw.wallonie.be/ArcGIS/rest/services/DGO4/ZPU/MapServer", "geometry_field_name": "GEOM", "description": "SPW DGO4 Zones Protegees en matiere d Urbanisme", "layer_name": "0"}}, {"pk": 13, "model": "imio_survey.surveylayer", "fields": {"gis_server": "http://webgisdgo4.spw.wallonie.be/ArcGIS/rest/services/DGO4/ART_127/MapServer", "geometry_field_name": "GEOM", "description": "SPW DGO4 Article 127 5 : Sites a reamenager", "layer_name": "6"}}, {"pk": 14, "model": "imio_survey.surveylayer", "fields": {"gis_server": "http://geoservices.wallonie.be/arcgis/rest/services/FAUNE_FLORE/AHREM/MapServer", "geometry_field_name": "GEOM", "description": "SPW AHREM Haies et alignements d arbres", "layer_name": "1"}}, {"pk": 15, "model": "imio_survey.surveylayer", "fields": {"gis_server": "http://geoservices.wallonie.be/arcgis/rest/services/FAUNE_FLORE/AHREM/MapServer", "geometry_field_name": "GEOM", "description": "SPW AHREM Arbres et groupes d'arbres", "layer_name": "0"}}, {"pk": 16, "model": "imio_survey.surveylayer", "fields": {"gis_server": "http://webgisdgo4.spw.wallonie.be/ArcGIS/rest/services/DGO4/BC_PAT/MapServer", "geometry_field_name": "GEOM", "description": "SPW DGO4 Monuments classes", "layer_name": "0"}}, {"pk": 17, "model": "imio_survey.surveylayer", "fields": {"gis_server": "http://webgisdgo4.spw.wallonie.be/ArcGIS/rest/services/DGO4/BC_PAT/MapServer", "geometry_field_name": "GEOM", "description": "SWP DGO4 Sites classes", "layer_name": "1"}}, {"pk": 18, "model": "imio_survey.surveylayer", "fields": {"gis_server": "http://webgisdgo4.spw.wallonie.be/ArcGIS/rest/services/DGO4/BC_PAT/MapServer", "geometry_field_name": "GEOM", "description": "SWP DGO4 Ensembles architecturaux classes", "layer_name": "2"}}, {"pk": 19, "model": "imio_survey.surveylayer", "fields": {"gis_server": "http://webgisdgo4.spw.wallonie.be/ArcGIS/rest/services/DGO4/BC_PAT/MapServer", "geometry_field_name": "GEOM", "description": "SWP DG04 Sites archeologiques classes", "layer_name": "3"}}, {"pk": 20, "model": "imio_survey.surveylayer", "fields": {"gis_server": "http://webgisdgo4.spw.wallonie.be/ArcGIS/rest/services/DGO4/BC_PAT/MapServer", "geometry_field_name": "GEOM", "description": "SPW DGO4 Zones de protection", "layer_name": "4"}}, {"pk": 21, "model": "imio_survey.surveylayer", "fields": {"gis_server": "http://e-services.liege.be:8100/ElyxRouter/rest/wfs/WFS", "geometry_field_name": "lxgeom", "description": "LIEGE WFS permissecteurs", "layer_name": "starapic:PERMISSECTEURS"}}, {"pk": 22, "model": "imio_survey.surveylayer", "fields": {"gis_server": "http://e-services.liege.be:8100/ElyxRouter/rest/wfs/WFS", "geometry_field_name": "lxgeom", "description": "LIEGE WFS PASH Zonage", "layer_name": "starapic:PASH_ZONAGE"}}, {"pk": 23, "model": "imio_survey.surveylayer", "fields": {"gis_server": "http://e-services.liege.be:8100/ElyxRouter/rest/wfs/WFS", "geometry_field_name": "lxgeom", "description": "LIEGE WFS T25_OCCBATI", "layer_name": "starapic:VDL_INHAB"}}, {"pk": 24, "model": "imio_survey.surveylayer", "fields": {"gis_server": "http://e-services.liege.be:8100/ElyxRouter/rest/wfs/WFS", "geometry_field_name": "lxgeom", "description": "LIEGE WFS T52_OBSCOMMERCE", "layer_name": "starapic:SU_POLES_LG"}}, {"pk": 25, "model": "imio_survey.surveylayer", "fields": {"gis_server": "http://e-services.liege.be:8100/ElyxRouter/rest/wfs/WFS", "geometry_field_name": "lxgeom", "description": "LIEGE WFS PCDN", "layer_name": "starapic:PCDN"}}, {"pk": 26, "model": "imio_survey.surveylayer", "fields": {"gis_server": "http://e-services.liege.be:8100/ElyxRouter/rest/wfs/WFS", "geometry_field_name": "lxgeom", "description": "Liege WFS Permis urbanisme", "layer_name": "starapic:PERMISURBANISME"}}, {"pk": 27, "model": "imio_survey.surveylayer", "fields": {"gis_server": "http://webgisdgo4.spw.wallonie.be/ArcGIS/rest/services/DGO4/RENOV_URB/MapServer", "geometry_field_name": "GEOM", "description": "SPW Renovation urbaine", "layer_name": "0"}}, {"pk": 28, "model": "imio_survey.surveylayer", "fields": {"gis_server": "http://webgisdgo4.spw.wallonie.be/ArcGIS/rest/services/DGO4/REVIT_URB/MapServer", "geometry_field_name": "GEOM", "description": "SPW Revitalisation urbaine", "layer_name": "0"}}, {"pk": 29, "model": "imio_survey.surveylayer", "fields": {"gis_server": "http://geoservices.wallonie.be/arcgis/rest/services/AMENAGEMENT_TERRITOIRE/PDS/MapServer", "geometry_field_name": "GEOM", "description": "SPW Plan de secteur Affectation", "layer_name": "22"}}, {"pk": 30, "model": "imio_survey.surveylayer", "fields": {"gis_server": "http://webgisdgo4.spw.wallonie.be/ArcGIS/rest/services/DGO4/RMBMT_URB/MapServer", "geometry_field_name": "GEOM", "description": "SPW Remembrement urbain", "layer_name": "0"}}, {"pk": 31, "model": "imio_survey.surveylayer", "fields": {"gis_server": "http://webgisdgo4.spw.wallonie.be/ArcGIS/rest/services/DGO4/SAR/MapServer", "geometry_field_name": "GEOM", "description": "SPW SAR", "layer_name": "0"}}, {"pk": 32, "model": "imio_survey.surveylayer", "fields": {"gis_server": "http://geoservices.wallonie.be/arcgis/rest/services/EAU/ALEA_2016/MapServer", "geometry_field_name": "GEOM", "description": "SPW ALEA INONDATION 2016", "layer_name": "3"}}, {"pk": 33, "model": "imio_survey.surveylayer", "fields": {"gis_server": "http://geoservices.wallonie.be/arcgis/rest/services/SOL_SOUS_SOL/KARST/MapServer", "geometry_field_name": "GEOM", "description": "SPW SITES KARSTIQUES", "layer_name": "0"}}, {"pk": 34, "model": "imio_survey.surveylayer", "fields": {"gis_server": "http://geoservices.wallonie.be/arcgis/rest/services/EAU/CAPTAGES/MapServer", "geometry_field_name": "GEOM", "description": "SPW Captage eaux sousterraines", "layer_name": "0"}}, {"pk": 35, "model": "imio_survey.surveylayer", "fields": {"gis_server": "http://geoservices.wallonie.be/arcgis/rest/services/EAU/CAPTAGES/MapServer", "geometry_field_name": "GEOM", "description": "SPW Captage eaux surface", "layer_name": "1"}}, {"pk": 37, "model": "imio_survey.surveylayer", "fields": {"gis_server": "http://geoservices.wallonie.be/arcgis/rest/services/AMENAGEMENT_TERRITOIRE/PDS/MapServer", "geometry_field_name": "GEOM", "description": "SPW PDS PICHE", "layer_name": "18"}}, {"pk": 38, "model": "imio_survey.surveylayer", "fields": {"gis_server": "http://geoservices.wallonie.be/arcgis/rest/services/AMENAGEMENT_TERRITOIRE/PDS/MapServer", "geometry_field_name": "GEOM", "description": "SPW PDS Prescriptions supp", "layer_name": "5"}}, {"pk": 39, "model": "imio_survey.surveylayer", "fields": {"gis_server": "http://geoservices.wallonie.be/arcgis/rest/services/AMENAGEMENT_TERRITOIRE/PDS/MapServer", "geometry_field_name": "GEOM", "description": "SPW PDS PIP", "layer_name": "17"}}, {"pk": 40, "model": "imio_survey.surveylayer", "fields": {"gis_server": "http://geoservices.wallonie.be/arcgis/rest/services/AMENAGEMENT_TERRITOIRE/PDS/MapServer", "geometry_field_name": "GEOM", "description": "SPW PDS Liaisons ecologiques", "layer_name": "19"}}, {"pk": 41, "model": "imio_survey.surveylayer", "fields": {"gis_server": "http://geoservices.wallonie.be/arcgis/rest/services/AMENAGEMENT_TERRITOIRE/PDS/MapServer", "geometry_field_name": "GEOM", "description": "SPW PDS reservation", "layer_name": "20"}}, {"pk": 42, "model": "imio_survey.surveylayer", "fields": {"gis_server": "http://geoservices.wallonie.be/arcgis/services/EAU/PROTECT_CAPT/MapServer", "geometry_field_name": "GEOM", "description": "SPW PROT CAPT ZS Arretees Raprochee", "layer_name": "2"}}, {"pk": 43, "model": "imio_survey.surveylayer", "fields": {"gis_server": "http://geoservices.wallonie.be/arcgis/services/EAU/PROTECT_CAPT/MapServer", "geometry_field_name": "GEOM", "description": "SPW PROT CAPT ZS Forfaitaires", "layer_name": "4"}}, {"pk": 44, "model": "imio_survey.surveylayer", "fields": {"gis_server": "http://geoservices.wallonie.be/arcgis/services/EAU/PROTECT_CAPT/MapServer", "geometry_field_name": "GEOM", "description": "SPW PROT CAPT ZS Arretees Eloignee", "layer_name": "3"}}, {"pk": 45, "model": "imio_survey.surveylayer", "fields": {"gis_server": "http://geoservices.wallonie.be/arcgis/rest/services/FAUNE_FLORE/NATURA2000/MapServer", "geometry_field_name": "GEOM", "description": "SPW NATURA 2000 Unites de gestion", "layer_name": "7"}}, {"pk": 46, "model": "imio_survey.surveylayer", "fields": {"gis_server": "http://geoservices.wallonie.be/arcgis/rest/services/AMENAGEMENT_TERRITOIRE/SOL/MapServer", "geometry_field_name": "GEOM", "description": "SPW CDOT SOL", "layer_name": "0"}}, {"pk": "LIEGE2018", "model": "imio_survey.surveytype", "fields": {"description": "LIEGE2018"}}, {"pk": "LIEGE_PERMISSECTEURS", "model": "imio_survey.surveytype", "fields": {"description": "Liege rive gauche ou droite"}}, {"pk": 26, "model": "imio_survey.surveytypelayer", "fields": {"survey_layer": 21, "buffer": "0.0", "survey_type": "LIEGE_PERMISSECTEURS"}}, {"pk": 40, "model": "imio_survey.surveytypelayer", "fields": {"survey_layer": 29, "buffer": "0.0", "survey_type": "LIEGE2018"}}, {"pk": 41, "model": "imio_survey.surveytypelayer", "fields": {"survey_layer": 31, "buffer": "0.0", "survey_type": "LIEGE2018"}}, {"pk": 42, "model": "imio_survey.surveytypelayer", "fields": {"survey_layer": 27, "buffer": "0.0", "survey_type": "LIEGE2018"}}, {"pk": 43, "model": "imio_survey.surveytypelayer", "fields": {"survey_layer": 28, "buffer": "0.0", "survey_type": "LIEGE2018"}}, {"pk": 44, "model": "imio_survey.surveytypelayer", "fields": {"survey_layer": 30, "buffer": "0.0", "survey_type": "LIEGE2018"}}, {"pk": 45, "model": "imio_survey.surveytypelayer", "fields": {"survey_layer": 32, "buffer": "0.0", "survey_type": "LIEGE2018"}}, {"pk": 46, "model": "imio_survey.surveytypelayer", "fields": {"survey_layer": 33, "buffer": "0.0", "survey_type": "LIEGE2018"}}, {"pk": 53, "model": "imio_survey.surveytypelayer", "fields": {"survey_layer": 37, "buffer": "0.0", "survey_type": "LIEGE2018"}}, {"pk": 54, "model": "imio_survey.surveytypelayer", "fields": {"survey_layer": 38, "buffer": "0.0", "survey_type": "LIEGE2018"}}, {"pk": 56, "model": "imio_survey.surveytypelayer", "fields": {"survey_layer": 39, "buffer": "0.0", "survey_type": "LIEGE2018"}}, {"pk": 57, "model": "imio_survey.surveytypelayer", "fields": {"survey_layer": 40, "buffer": "0.0", "survey_type": "LIEGE2018"}}, {"pk": 58, "model": "imio_survey.surveytypelayer", "fields": {"survey_layer": 41, "buffer": "0.0", "survey_type": "LIEGE2018"}}, {"pk": 59, "model": "imio_survey.surveytypelayer", "fields": {"survey_layer": 42, "buffer": "0.0", "survey_type": "LIEGE2018"}}, {"pk": 60, "model": "imio_survey.surveytypelayer", "fields": {"survey_layer": 43, "buffer": "0.0", "survey_type": "LIEGE2018"}}, {"pk": 61, "model": "imio_survey.surveytypelayer", "fields": {"survey_layer": 44, "buffer": "0.0", "survey_type": "LIEGE2018"}}, {"pk": 63, "model": "imio_survey.surveytypelayer", "fields": {"survey_layer": 45, "buffer": "0.0", "survey_type": "LIEGE2018"}}, {"pk": 65, "model": "imio_survey.surveytypelayer", "fields": {"survey_layer": 16, "buffer": "0.0", "survey_type": "LIEGE2018"}}, {"pk": 67, "model": "imio_survey.surveytypelayer", "fields": {"survey_layer": 18, "buffer": "0.0", "survey_type": "LIEGE2018"}}, {"pk": 68, "model": "imio_survey.surveytypelayer", "fields": {"survey_layer": 15, "buffer": "0.0", "survey_type": "LIEGE2018"}}, {"pk": 69, "model": "imio_survey.surveytypelayer", "fields": {"survey_layer": 14, "buffer": "0.0", "survey_type": "LIEGE2018"}}, {"pk": 70, "model": "imio_survey.surveytypelayer", "fields": {"survey_layer": 12, "buffer": "0.0", "survey_type": "LIEGE2018"}}, {"pk": 71, "model": "imio_survey.surveytypelayer", "fields": {"survey_layer": 8, "buffer": "0.0", "survey_type": "LIEGE2018"}}, {"pk": 72, "model": "imio_survey.surveytypelayer", "fields": {"survey_layer": 46, "buffer": "0.0", "survey_type": "LIEGE2018"}}]
